id_request,customer_id,request_date,requested_standard,requested_supplier_site_id,requested_audit_id,audit_scope,contact_information,quality_officer_id
REQ00001,1006,2024-11-21,GVP,122,AUD01445,training_records,"{""name"": ""Casey"", ""surname"": ""Fischer"", ""email"": ""casey.fischer@example.com""}",
REQ00002,1065,2025-08-27,,85,,,"{""name"": ""Taylor"", ""surname"": ""Hernandez"", ""email"": ""taylor.hernandez@mail.org""}",1
REQ00003,1010,2025-04-25,,68,,,"{""name"": ""Jordan"", ""surname"": ""Romaniuc"", ""email"": ""jordan.romaniuc@mail.org""}",6
REQ00004,1080,2024-03-11,GCP,61,AUD01293,batch_release,,2
REQ00005,1098,2025-10-10,GMP,26,,batch_release,"{""name"": ""Alex"", ""surname"": ""Muller"", ""email"": ""alex.muller@customer.io""}",13
REQ00006,1046,2025-01-18,GMP,111,AUD00299,risk_management,,3
REQ00007,1011,2025-09-16,,98,,,"{""name"": ""Ines"", ""surname"": ""Rossi"", ""email"": ""ines.rossi@qualifyze.com""}",8
REQ00008,1086,2024-01-10,GVP,120,AUD01846,clinical_data_mgmt,"{""name"": ""Sofia"", ""surname"": ""Lopez"", ""email"": ""sofia.lopez@example.com""}",8
REQ00009,1045,2025-08-24,,77,AUD01309,,"{""name"": ""Pablo"", ""surname"": ""Silva"", ""email"": ""pablo.silva@qualifyze.com""}",7
REQ00010,1049,2025-08-08,GVP,92,AUD01178,batch_release,"{""name"": ""Alex"", ""surname"": ""Sanchez"", ""email"": ""alex.sanchez@customer.io""}",1
REQ00011,1073,2024-02-20,GVP,128,AUD01706,,"{""name"": ""Isla"", ""surname"": ""Demeter"", ""email"": ""isla.demeter@qualifyze.com""}",11
REQ00012,1033,2024-05-20,,25,,,"{""name"": ""Sam"", ""surname"": ""Silva"", ""email"": ""sam.silva@mail.org""}",1
REQ00013,1117,2024-10-29,,84,,,"{""name"": ""Jamie"", ""surname"": ""Rossi"", ""email"": ""jamie.rossi@customer.io""}",9
REQ00014,1117,2025-05-08,GVP,76,AUD01529,,"{""name"": ""Pablo"", ""surname"": ""Khan"", ""email"": ""pablo.khan@qualifyze.com""}",13
REQ00015,1093,2025-02-10,GMP,143,,,"{""name"": ""Alex"", ""surname"": ""Schmidt"", ""email"": ""alex.schmidt@example.com""}",8
REQ00016,1075,2025-01-25,GCP,96,AUD00222,complaint_handling,"{""name"": ""Ines"", ""surname"": ""Garcia"", ""email"": ""ines.garcia@customer.io""}",15
REQ00017,1079,2024-08-14,GVP,17,AUD01302,batch_release,"{""name"": ""Marta"", ""surname"": ""Smith"", ""email"": ""marta.smith@qualifyze.com""}",1
REQ00018,1005,2024-11-07,GMP,127,AUD00238,complaint_handling,,8
REQ00019,1048,2025-07-07,,108,,supplier_qualification,"{""name"": ""Marta"", ""surname"": ""Smith"", ""email"": ""marta.smith@mail.org""}",10
REQ00020,1089,2025-01-14,,56,,,"{""name"": ""Diego"", ""surname"": ""Smith"", ""email"": ""diego.smith@customer.io""}",9
REQ00021,1036,2024-07-13,GVP,32,AUD01944,deviation_mgmt,"{""name"": ""Jamie"", ""surname"": ""Garcia"", ""email"": ""jamie.garcia@example.com""}",13
REQ00022,1043,2024-09-06,GCP,33,AUD01612,complaint_handling,,10
REQ00023,1028,2024-08-26,GMP,85,AUD01586,pharmacovigilance_system,"{""name"": ""Alex"", ""surname"": ""Schmidt"", ""email"": ""alex.schmidt@qualifyze.com""}",3
REQ00024,1070,2024-09-13,GCP,45,AUD00226,,"{""name"": ""Casey"", ""surname"": ""Garcia"", ""email"": ""casey.garcia@customer.io""}",13
REQ00025,1042,2024-01-17,GMP,45,AUD00544,supplier_qualification,,12
REQ00026,1009,2025-05-02,GVP,115,AUD01594,,"{""name"": ""Liam"", ""surname"": ""Smith"", ""email"": ""liam.smith@mail.org""}",9
REQ00027,1006,2025-06-17,GCP,78,AUD00939,change_control,"{""name"": ""Sam"", ""surname"": ""Fischer"", ""email"": ""sam.fischer@mail.org""}",7
REQ00028,1088,2024-04-20,GVP,126,AUD01459,deviation_mgmt,"{""name"": ""Jordan"", ""surname"": ""Romaniuc"", ""email"": ""jordan.romaniuc@qualifyze.com""}",2
REQ00029,1017,2024-10-08,GCP,150,AUD01124,validation_program,"{""name"": ""Lucia"", ""surname"": ""Hernandez"", ""email"": ""lucia.hernandez@customer.io""}",
REQ00030,1065,2025-09-11,GCP,111,AUD00204,deviation_mgmt,"{""name"": ""Sofia"", ""surname"": ""Nguyen"", ""email"": ""sofia.nguyen@mail.org""}",8
REQ00031,1114,2024-08-21,GVP,106,AUD00695,training_records,"{""name"": ""Marta"", ""surname"": ""Smith"", ""email"": ""marta.smith@customer.io""}",7
REQ00032,1041,2024-09-18,GMP,96,AUD01953,clinical_data_mgmt,"{""name"": ""Ines"", ""surname"": ""Khan"", ""email"": ""ines.khan@example.com""}",
REQ00033,1011,2024-04-05,GCP,111,AUD00198,validation_program,"{""name"": ""Casey"", ""surname"": ""Popescu"", ""email"": ""casey.popescu@example.com""}",10
REQ00034,1072,2025-07-29,GMP,85,AUD01373,training_records,"{""name"": ""Diego"", ""surname"": ""Martinez"", ""email"": ""diego.martinez@example.com""}",5
REQ00035,1077,2024-11-15,GCP,91,AUD00213,risk_management,"{""name"": ""Jamie"", ""surname"": ""Rossi"", ""email"": ""jamie.rossi@mail.org""}",4
REQ00036,1109,2024-04-20,,90,AUD01732,,"{""name"": ""Taylor"", ""surname"": ""Schmidt"", ""email"": ""taylor.schmidt@qualifyze.com""}",13
REQ00037,1078,2024-09-30,GVP,8,AUD00370,batch_release,"{""name"": ""Carmen"", ""surname"": ""Demeter"", ""email"": ""carmen.demeter@example.com""}",3
REQ00038,1112,2024-05-26,,145,,,"{""name"": ""Casey"", ""surname"": ""Garcia"", ""email"": ""casey.garcia@example.com""}",12
REQ00039,1059,2024-12-15,GVP,41,AUD00758,validation_program,"{""name"": ""Liam"", ""surname"": ""Khan"", ""email"": ""liam.khan@example.com""}",
REQ00040,1021,2025-09-24,GMP,13,,,"{""name"": ""Pablo"", ""surname"": ""Martinez"", ""email"": ""pablo.martinez@mail.org""}",10
REQ00041,1028,2025-06-08,GVP,30,AUD00707,deviation_mgmt,"{""name"": ""Quinn"", ""surname"": ""Fischer"", ""email"": ""quinn.fischer@customer.io""}",1
REQ00042,1029,2025-02-08,GMP,15,AUD00016,batch_release,"{""name"": ""Jamie"", ""surname"": ""Rossi"", ""email"": ""jamie.rossi@customer.io""}",5
REQ00043,1042,2024-05-02,GCP,2,AUD01019,training_records,"{""name"": ""Morgan"", ""surname"": ""Rossi"", ""email"": ""morgan.rossi@mail.org""}",
REQ00044,1091,2024-08-23,GCP,129,,validation_program,"{""name"": ""Jordan"", ""surname"": ""Sanchez"", ""email"": ""jordan.sanchez@example.com""}",7
REQ00045,1118,2024-03-20,GVP,81,AUD01180,pharmacovigilance_system,,2
REQ00046,1052,2024-01-22,GCP,84,AUD00352,data_integrity,"{""name"": ""Diego"", ""surname"": ""Khan"", ""email"": ""diego.khan@mail.org""}",14
REQ00047,1014,2024-09-06,GVP,112,AUD01207,risk_management,"{""name"": ""Jordan"", ""surname"": ""Sanchez"", ""email"": ""jordan.sanchez@customer.io""}",12
REQ00048,1044,2024-08-14,GMP,86,AUD01596,deviation_mgmt,"{""name"": ""Nico"", ""surname"": ""Smith"", ""email"": ""nico.smith@qualifyze.com""}",15
REQ00049,1100,2024-12-23,GCP,90,AUD01490,supplier_qualification,"{""name"": ""Riley"", ""surname"": ""Smith"", ""email"": ""riley.smith@qualifyze.com""}",5
REQ00050,1026,2024-06-26,GCP,40,AUD01557,deviation_mgmt,"{""name"": ""Morgan"", ""surname"": ""Fischer"", ""email"": ""morgan.fischer@mail.org""}",13
REQ00051,1073,2025-08-16,GCP,115,AUD01395,clinical_data_mgmt,"{""name"": ""Isla"", ""surname"": ""Romaniuc"", ""email"": ""isla.romaniuc@customer.io""}",3
REQ00052,1057,2024-03-10,GCP,121,AUD00906,batch_release,"{""name"": ""Avery"", ""surname"": ""Muller"", ""email"": ""avery.muller@customer.io""}",9
REQ00053,1010,2024-11-13,GMP,119,AUD00926,change_control,"{""name"": ""Diego"", ""surname"": ""Silva"", ""email"": ""diego.silva@example.com""}",11
REQ00054,1111,2024-04-02,GVP,130,AUD00788,pharmacovigilance_system,"{""name"": ""Sofia"", ""surname"": ""Muller"", ""email"": ""sofia.muller@mail.org""}",15
REQ00055,1104,2025-08-08,GCP,49,,data_integrity,"{""name"": ""Nico"", ""surname"": ""Rossi"", ""email"": ""nico.rossi@example.com""}",8
REQ00056,1092,2024-03-27,,130,,,"{""name"": ""Riley"", ""surname"": ""Weber"", ""email"": ""riley.weber@mail.org""}",9
REQ00057,1048,2024-10-16,GVP,100,AUD00838,clinical_data_mgmt,"{""name"": ""Isla"", ""surname"": ""Muller"", ""email"": ""isla.muller@customer.io""}",2
REQ00058,1043,2024-04-06,GVP,143,AUD01390,batch_release,"{""name"": ""Avery"", ""surname"": ""Rossi"", ""email"": ""avery.rossi@customer.io""}",2
REQ00059,1075,2024-05-24,GCP,90,AUD00636,clinical_data_mgmt,"{""name"": ""Lucia"", ""surname"": ""Rossi"", ""email"": ""lucia.rossi@example.com""}",5
REQ00060,1072,2025-01-20,GMP,85,AUD01666,clinical_data_mgmt,"{""name"": ""Nico"", ""surname"": ""Khan"", ""email"": ""nico.khan@mail.org""}",
REQ00061,1047,2024-01-19,GMP,93,AUD00633,complaint_handling,"{""name"": ""Carmen"", ""surname"": ""Fischer"", ""email"": ""carmen.fischer@qualifyze.com""}",4
REQ00062,1018,2024-06-07,,20,AUD00606,,"{""name"": ""Sofia"", ""surname"": ""Hernandez"", ""email"": ""sofia.hernandez@example.com""}",11
REQ00063,1077,2025-01-20,GMP,40,AUD00333,pharmacovigilance_system,"{""name"": ""Morgan"", ""surname"": ""Weber"", ""email"": ""morgan.weber@example.com""}",7
REQ00064,1047,2024-08-31,GVP,114,AUD01251,data_integrity,"{""name"": ""Riley"", ""surname"": ""Popescu"", ""email"": ""riley.popescu@qualifyze.com""}",5
REQ00065,1104,2025-04-25,GCP,50,AUD00754,pharmacovigilance_system,"{""name"": ""Pablo"", ""surname"": ""Weber"", ""email"": ""pablo.weber@customer.io""}",13
REQ00066,1049,2025-05-29,GMP,136,AUD00858,complaint_handling,"{""name"": ""Isla"", ""surname"": ""Rossi"", ""email"": ""isla.rossi@customer.io""}",1
REQ00067,1083,2025-05-07,GMP,96,AUD01136,risk_management,,13
REQ00068,1021,2024-10-06,GCP,116,AUD01855,supplier_qualification,"{""name"": ""Marta"", ""surname"": ""Khan"", ""email"": ""marta.khan@qualifyze.com""}",
REQ00069,1058,2024-12-23,GMP,7,AUD00850,training_records,,7
REQ00070,1011,2025-01-18,,58,,deviation_mgmt,"{""name"": ""Carmen"", ""surname"": ""Rossi"", ""email"": ""carmen.rossi@qualifyze.com""}",1
REQ00071,1098,2025-04-25,GMP,115,AUD01261,,"{""name"": ""Alex"", ""surname"": ""Schmidt"", ""email"": ""alex.schmidt@qualifyze.com""}",14
REQ00072,1094,2025-09-15,GMP,136,AUD00867,batch_release,,1
REQ00073,1031,2025-03-05,,118,,,"{""name"": ""Isla"", ""surname"": ""Popescu"", ""email"": ""isla.popescu@example.com""}",11
REQ00074,1038,2025-03-15,GVP,1,AUD01260,complaint_handling,"{""name"": ""Liam"", ""surname"": ""Martinez"", ""email"": ""liam.martinez@qualifyze.com""}",11
REQ00075,1086,2024-03-28,,135,,deviation_mgmt,"{""name"": ""Nico"", ""surname"": ""Popescu"", ""email"": ""nico.popescu@example.com""}",7
REQ00076,1048,2024-09-16,GMP,5,AUD00732,validation_program,"{""name"": ""Riley"", ""surname"": ""Smith"", ""email"": ""riley.smith@customer.io""}",3
REQ00077,1006,2024-12-26,GCP,140,AUD00694,supplier_qualification,"{""name"": ""Pablo"", ""surname"": ""Fischer"", ""email"": ""pablo.fischer@qualifyze.com""}",13
REQ00078,1018,2024-03-05,GVP,118,,,"{""name"": ""Sam"", ""surname"": ""Nguyen"", ""email"": ""sam.nguyen@example.com""}",6
REQ00079,1105,2025-07-10,GMP,122,AUD00519,clinical_data_mgmt,"{""name"": ""Jamie"", ""surname"": ""Silva"", ""email"": ""jamie.silva@customer.io""}",
REQ00080,1100,2024-02-18,,85,,validation_program,"{""name"": ""Marta"", ""surname"": ""Sanchez"", ""email"": ""marta.sanchez@mail.org""}",15
REQ00081,1064,2025-05-24,GCP,95,AUD01893,batch_release,"{""name"": ""Jordan"", ""surname"": ""Martinez"", ""email"": ""jordan.martinez@example.com""}",7
REQ00082,1078,2024-07-03,GVP,140,AUD00602,deviation_mgmt,,5
REQ00083,1058,2025-09-09,GCP,110,,,"{""name"": ""Diego"", ""surname"": ""Weber"", ""email"": ""diego.weber@example.com""}",12
REQ00084,1036,2025-10-16,GCP,15,AUD00154,,"{""name"": ""Lucia"", ""surname"": ""Demeter"", ""email"": ""lucia.demeter@qualifyze.com""}",1
REQ00085,1087,2025-03-24,GMP,9,AUD00259,complaint_handling,"{""name"": ""Diego"", ""surname"": ""Demeter"", ""email"": ""diego.demeter@mail.org""}",
REQ00086,1005,2025-09-11,GVP,40,AUD01391,,"{""name"": ""Diego"", ""surname"": ""Weber"", ""email"": ""diego.weber@example.com""}",10
REQ00087,1047,2025-02-11,,81,,,"{""name"": ""Taylor"", ""surname"": ""Garcia"", ""email"": ""taylor.garcia@qualifyze.com""}",8
REQ00088,1100,2024-09-23,GCP,115,,batch_release,"{""name"": ""Ines"", ""surname"": ""Nguyen"", ""email"": ""ines.nguyen@example.com""}",3
REQ00089,1023,2025-03-31,GCP,23,AUD01660,validation_program,,15
REQ00090,1039,2024-06-10,GVP,45,AUD01626,risk_management,"{""name"": ""Riley"", ""surname"": ""Smith"", ""email"": ""riley.smith@qualifyze.com""}",13
REQ00091,1018,2024-08-30,GVP,127,AUD00054,risk_management,,13
REQ00092,1071,2024-05-12,,23,AUD00135,,"{""name"": ""Ines"", ""surname"": ""Hernandez"", ""email"": ""ines.hernandez@mail.org""}",13
REQ00093,1017,2024-11-20,GVP,19,AUD00922,clinical_data_mgmt,"{""name"": ""Nico"", ""surname"": ""Demeter"", ""email"": ""nico.demeter@qualifyze.com""}",
REQ00094,1107,2025-07-18,GMP,47,,training_records,"{""name"": ""Nico"", ""surname"": ""Muller"", ""email"": ""nico.muller@example.com""}",9
REQ00095,1022,2024-06-14,GCP,83,,complaint_handling,"{""name"": ""Diego"", ""surname"": ""Hernandez"", ""email"": ""diego.hernandez@customer.io""}",14
REQ00096,1026,2025-10-12,GMP,142,AUD00563,clinical_data_mgmt,"{""name"": ""Quinn"", ""surname"": ""Popescu"", ""email"": ""quinn.popescu@example.com""}",9
REQ00097,1083,2024-06-21,GMP,149,AUD00316,clinical_data_mgmt,"{""name"": ""Isla"", ""surname"": ""Romaniuc"", ""email"": ""isla.romaniuc@example.com""}",14
REQ00098,1111,2024-01-30,,21,,,"{""name"": ""Avery"", ""surname"": ""Nguyen"", ""email"": ""avery.nguyen@mail.org""}",10
REQ00099,1083,2024-11-05,GCP,124,AUD00502,training_records,"{""name"": ""Quinn"", ""surname"": ""Weber"", ""email"": ""quinn.weber@example.com""}",12
REQ00100,1008,2024-06-10,,113,,,"{""name"": ""Jamie"", ""surname"": ""Romaniuc"", ""email"": ""jamie.romaniuc@qualifyze.com""}",6
REQ00101,1017,2025-01-14,GMP,132,AUD01151,validation_program,,5
REQ00102,1058,2024-09-10,GMP,37,AUD00199,batch_release,,14
REQ00103,1116,2024-06-12,GCP,84,AUD01913,validation_program,"{""name"": ""Jamie"", ""surname"": ""Lopez"", ""email"": ""jamie.lopez@mail.org""}",9
REQ00104,1060,2025-05-25,GMP,79,AUD01019,,"{""name"": ""Lucia"", ""surname"": ""Hernandez"", ""email"": ""lucia.hernandez@mail.org""}",4
REQ00105,1046,2024-02-19,GVP,13,,pharmacovigilance_system,"{""name"": ""Ines"", ""surname"": ""Silva"", ""email"": ""ines.silva@example.com""}",14
REQ00106,1018,2024-09-27,GVP,94,AUD01565,validation_program,"{""name"": ""Sam"", ""surname"": ""Sanchez"", ""email"": ""sam.sanchez@example.com""}",10
REQ00107,1072,2024-07-18,,93,,,"{""name"": ""Lucia"", ""surname"": ""Hernandez"", ""email"": ""lucia.hernandez@mail.org""}",13
REQ00108,1013,2025-02-07,GVP,96,AUD01628,risk_management,"{""name"": ""Diego"", ""surname"": ""Rossi"", ""email"": ""diego.rossi@qualifyze.com""}",10
REQ00109,1066,2025-02-15,,129,AUD00083,,"{""name"": ""Casey"", ""surname"": ""Romaniuc"", ""email"": ""casey.romaniuc@mail.org""}",9
REQ00110,1042,2025-09-19,GVP,82,AUD00333,pharmacovigilance_system,"{""name"": ""Quinn"", ""surname"": ""Romaniuc"", ""email"": ""quinn.romaniuc@mail.org""}",12
REQ00111,1073,2024-11-02,GMP,122,AUD01671,validation_program,,10
REQ00112,1040,2025-10-06,GVP,7,AUD01223,batch_release,"{""name"": ""Liam"", ""surname"": ""Ivanov"", ""email"": ""liam.ivanov@example.com""}",10
REQ00113,1062,2024-06-23,GCP,135,AUD01289,pharmacovigilance_system,,1
REQ00114,1074,2024-04-22,GVP,49,,validation_program,"{""name"": ""Marta"", ""surname"": ""Rossi"", ""email"": ""marta.rossi@mail.org""}",12
REQ00115,1065,2025-09-18,GCP,121,AUD01788,change_control,"{""name"": ""Casey"", ""surname"": ""Hernandez"", ""email"": ""casey.hernandez@qualifyze.com""}",9
REQ00116,1042,2025-05-04,GVP,135,AUD00772,supplier_qualification,,9
REQ00117,1046,2025-10-20,GVP,68,AUD01250,complaint_handling,"{""name"": ""Riley"", ""surname"": ""Schmidt"", ""email"": ""riley.schmidt@customer.io""}",4
REQ00118,1039,2024-10-22,GCP,54,AUD01414,data_integrity,"{""name"": ""Carmen"", ""surname"": ""Fischer"", ""email"": ""carmen.fischer@customer.io""}",9
REQ00119,1120,2024-10-07,GCP,74,AUD00250,clinical_data_mgmt,"{""name"": ""Sofia"", ""surname"": ""Sanchez"", ""email"": ""sofia.sanchez@mail.org""}",14
REQ00120,1045,2024-05-29,GVP,75,AUD00087,deviation_mgmt,"{""name"": ""Diego"", ""surname"": ""Weber"", ""email"": ""diego.weber@customer.io""}",12
REQ00121,1062,2024-08-07,,52,,,"{""name"": ""Sofia"", ""surname"": ""Schmidt"", ""email"": ""sofia.schmidt@qualifyze.com""}",2
REQ00122,1007,2025-06-27,GMP,58,AUD01307,change_control,"{""name"": ""Taylor"", ""surname"": ""Martinez"", ""email"": ""taylor.martinez@customer.io""}",12
REQ00123,1061,2024-04-12,GCP,36,,supplier_qualification,"{""name"": ""Marta"", ""surname"": ""Fischer"", ""email"": ""marta.fischer@mail.org""}",11
REQ00124,1042,2024-10-19,GMP,16,AUD01860,clinical_data_mgmt,"{""name"": ""Liam"", ""surname"": ""Ivanov"", ""email"": ""liam.ivanov@example.com""}",15
REQ00125,1118,2024-06-28,GMP,107,AUD01807,change_control,"{""name"": ""Lucia"", ""surname"": ""Fischer"", ""email"": ""lucia.fischer@qualifyze.com""}",
REQ00126,1096,2024-10-23,GVP,10,AUD00019,pharmacovigilance_system,"{""name"": ""Isla"", ""surname"": ""Smith"", ""email"": ""isla.smith@customer.io""}",5
REQ00127,1059,2025-10-18,GVP,140,AUD01074,supplier_qualification,"{""name"": ""Nico"", ""surname"": ""Weber"", ""email"": ""nico.weber@customer.io""}",4
REQ00128,1104,2024-04-25,,85,,data_integrity,"{""name"": ""Avery"", ""surname"": ""Lopez"", ""email"": ""avery.lopez@example.com""}",12
REQ00129,1023,2025-09-17,GVP,104,AUD01694,risk_management,,11
REQ00130,1013,2024-07-08,GVP,36,AUD00978,complaint_handling,"{""name"": ""Alex"", ""surname"": ""Schmidt"", ""email"": ""alex.schmidt@mail.org""}",4
REQ00131,1058,2024-09-30,GCP,85,AUD00619,pharmacovigilance_system,"{""name"": ""Alex"", ""surname"": ""Schmidt"", ""email"": ""alex.schmidt@customer.io""}",
REQ00132,1031,2024-03-04,GVP,31,AUD00954,,"{""name"": ""Lucia"", ""surname"": ""Hernandez"", ""email"": ""lucia.hernandez@customer.io""}",12
REQ00133,1118,2024-10-29,GMP,95,AUD01259,complaint_handling,"{""name"": ""Casey"", ""surname"": ""Fischer"", ""email"": ""casey.fischer@qualifyze.com""}",8
REQ00134,1096,2025-09-12,GCP,96,AUD00852,,"{""name"": ""Ines"", ""surname"": ""Popescu"", ""email"": ""ines.popescu@qualifyze.com""}",13
REQ00135,1097,2025-09-02,GVP,21,AUD01077,risk_management,,1
REQ00136,1107,2025-07-14,,130,,,"{""name"": ""Casey"", ""surname"": ""Lopez"", ""email"": ""casey.lopez@customer.io""}",14
REQ00137,1092,2025-08-20,,126,,data_integrity,"{""name"": ""Sam"", ""surname"": ""Weber"", ""email"": ""sam.weber@qualifyze.com""}",9
REQ00138,1072,2025-04-18,GMP,79,AUD01482,training_records,,10
REQ00139,1010,2024-02-16,GCP,109,AUD00706,deviation_mgmt,,15
REQ00140,1061,2024-02-02,GMP,74,AUD00838,supplier_qualification,,8
REQ00141,1112,2025-01-21,GCP,97,AUD00165,clinical_data_mgmt,"{""name"": ""Sofia"", ""surname"": ""Rossi"", ""email"": ""sofia.rossi@customer.io""}",2
REQ00142,1023,2025-07-04,,101,,,"{""name"": ""Alex"", ""surname"": ""Garcia"", ""email"": ""alex.garcia@customer.io""}",8
REQ00143,1106,2024-08-23,GVP,64,AUD00944,supplier_qualification,"{""name"": ""Avery"", ""surname"": ""Nguyen"", ""email"": ""avery.nguyen@example.com""}",1
REQ00144,1104,2025-03-05,GMP,5,AUD00493,deviation_mgmt,"{""name"": ""Taylor"", ""surname"": ""Muller"", ""email"": ""taylor.muller@mail.org""}",
REQ00145,1087,2024-02-19,,63,AUD01517,training_records,"{""name"": ""Pablo"", ""surname"": ""Ivanov"", ""email"": ""pablo.ivanov@qualifyze.com""}",13
REQ00146,1065,2024-10-23,GCP,60,AUD01671,,"{""name"": ""Carmen"", ""surname"": ""Romaniuc"", ""email"": ""carmen.romaniuc@qualifyze.com""}",5
REQ00147,1067,2024-08-14,GVP,106,AUD00616,change_control,"{""name"": ""Sofia"", ""surname"": ""Lopez"", ""email"": ""sofia.lopez@mail.org""}",9
REQ00148,1064,2024-02-18,GCP,89,AUD01929,clinical_data_mgmt,"{""name"": ""Lucia"", ""surname"": ""Hernandez"", ""email"": ""lucia.hernandez@customer.io""}",12
REQ00149,1054,2025-02-22,GVP,39,AUD00615,supplier_qualification,"{""name"": ""Sofia"", ""surname"": ""Fischer"", ""email"": ""sofia.fischer@qualifyze.com""}",
REQ00150,1029,2024-11-03,,37,,,"{""name"": ""Sofia"", ""surname"": ""Martinez"", ""email"": ""sofia.martinez@mail.org""}",9
REQ00151,1033,2024-07-27,GMP,85,AUD01325,data_integrity,"{""name"": ""Diego"", ""surname"": ""Khan"", ""email"": ""diego.khan@qualifyze.com""}",1
REQ00152,1035,2025-01-21,GMP,11,AUD01790,complaint_handling,"{""name"": ""Liam"", ""surname"": ""Popescu"", ""email"": ""liam.popescu@qualifyze.com""}",8
REQ00153,1027,2024-12-06,GMP,78,AUD01960,complaint_handling,"{""name"": ""Jamie"", ""surname"": ""Smith"", ""email"": ""jamie.smith@mail.org""}",15
REQ00154,1032,2025-09-10,,53,,,"{""name"": ""Carmen"", ""surname"": ""Silva"", ""email"": ""carmen.silva@mail.org""}",8
REQ00155,1034,2025-01-03,GVP,132,,data_integrity,"{""name"": ""Taylor"", ""surname"": ""Fischer"", ""email"": ""taylor.fischer@customer.io""}",15
REQ00156,1041,2025-02-27,GMP,12,AUD01153,supplier_qualification,"{""name"": ""Alex"", ""surname"": ""Schmidt"", ""email"": ""alex.schmidt@mail.org""}",
REQ00157,1020,2024-07-19,GVP,85,,,"{""name"": ""Riley"", ""surname"": ""Fischer"", ""email"": ""riley.fischer@customer.io""}",5
REQ00158,1059,2024-06-21,GMP,91,AUD00347,risk_management,,9
REQ00159,1005,2024-03-17,GMP,13,AUD01566,training_records,"{""name"": ""Casey"", ""surname"": ""Ivanov"", ""email"": ""casey.ivanov@example.com""}",12
REQ00160,1020,2024-01-10,GVP,56,AUD01036,validation_program,"{""name"": ""Sam"", ""surname"": ""Fischer"", ""email"": ""sam.fischer@mail.org""}",1
REQ00161,1001,2025-06-28,GMP,142,AUD00843,change_control,"{""name"": ""Nico"", ""surname"": ""Schmidt"", ""email"": ""nico.schmidt@customer.io""}",1
REQ00162,1065,2025-03-16,,46,,,"{""name"": ""Casey"", ""surname"": ""Ivanov"", ""email"": ""casey.ivanov@qualifyze.com""}",10
REQ00163,1102,2025-02-10,,21,,,"{""name"": ""Liam"", ""surname"": ""Ivanov"", ""email"": ""liam.ivanov@qualifyze.com""}",5
REQ00164,1052,2025-01-23,GVP,97,,,"{""name"": ""Alex"", ""surname"": ""Lopez"", ""email"": ""alex.lopez@example.com""}",8
REQ00165,1073,2024-04-07,GMP,136,AUD01883,,"{""name"": ""Jamie"", ""surname"": ""Fischer"", ""email"": ""jamie.fischer@customer.io""}",1
REQ00166,1119,2024-10-14,GCP,140,AUD01155,change_control,"{""name"": ""Morgan"", ""surname"": ""Romaniuc"", ""email"": ""morgan.romaniuc@example.com""}",4
REQ00167,1076,2024-05-27,GMP,102,AUD01903,batch_release,"{""name"": ""Morgan"", ""surname"": ""Ivanov"", ""email"": ""morgan.ivanov@mail.org""}",11
REQ00168,1115,2025-07-07,GCP,85,,supplier_qualification,"{""name"": ""Jordan"", ""surname"": ""Hernandez"", ""email"": ""jordan.hernandez@customer.io""}",1
REQ00169,1030,2024-03-18,GCP,88,,,"{""name"": ""Lucia"", ""surname"": ""Romaniuc"", ""email"": ""lucia.romaniuc@example.com""}",11
REQ00170,1030,2024-12-30,,142,,,"{""name"": ""Morgan"", ""surname"": ""Sanchez"", ""email"": ""morgan.sanchez@example.com""}",13
REQ00171,1011,2024-10-01,,40,AUD00779,clinical_data_mgmt,"{""name"": ""Casey"", ""surname"": ""Sanchez"", ""email"": ""casey.sanchez@customer.io""}",6
REQ00172,1001,2024-11-11,GVP,114,AUD00738,deviation_mgmt,"{""name"": ""Casey"", ""surname"": ""Khan"", ""email"": ""casey.khan@qualifyze.com""}",7
REQ00173,1058,2025-07-24,GVP,143,AUD01050,deviation_mgmt,"{""name"": ""Alex"", ""surname"": ""Khan"", ""email"": ""alex.khan@customer.io""}",9
REQ00174,1012,2025-09-03,GVP,84,AUD01769,change_control,"{""name"": ""Quinn"", ""surname"": ""Martinez"", ""email"": ""quinn.martinez@mail.org""}",13
REQ00175,1011,2025-07-26,GCP,63,AUD01172,supplier_qualification,,5
REQ00176,1039,2024-10-01,GMP,127,AUD00299,supplier_qualification,"{""name"": ""Marta"", ""surname"": ""Schmidt"", ""email"": ""marta.schmidt@mail.org""}",5
REQ00177,1062,2024-03-19,GMP,93,,clinical_data_mgmt,"{""name"": ""Ines"", ""surname"": ""Nguyen"", ""email"": ""ines.nguyen@mail.org""}",2
REQ00178,1001,2025-02-09,,86,,,"{""name"": ""Carmen"", ""surname"": ""Weber"", ""email"": ""carmen.weber@customer.io""}",7
REQ00179,1042,2025-09-09,,52,,,"{""name"": ""Lucia"", ""surname"": ""Romaniuc"", ""email"": ""lucia.romaniuc@customer.io""}",12
REQ00180,1042,2025-01-20,GVP,72,AUD01673,validation_program,"{""name"": ""Taylor"", ""surname"": ""Nguyen"", ""email"": ""taylor.nguyen@qualifyze.com""}",11
REQ00181,1099,2025-07-17,GCP,7,AUD01952,data_integrity,,14
REQ00182,1089,2024-03-11,GVP,105,AUD01379,,"{""name"": ""Quinn"", ""surname"": ""Ivanov"", ""email"": ""quinn.ivanov@customer.io""}",11
REQ00183,1055,2025-01-21,GCP,19,AUD00920,data_integrity,"{""name"": ""Liam"", ""surname"": ""Sanchez"", ""email"": ""liam.sanchez@mail.org""}",9
REQ00184,1005,2025-01-03,,138,,,"{""name"": ""Taylor"", ""surname"": ""Ivanov"", ""email"": ""taylor.ivanov@customer.io""}",3
REQ00185,1097,2024-12-05,GMP,111,AUD00217,deviation_mgmt,"{""name"": ""Avery"", ""surname"": ""Ivanov"", ""email"": ""avery.ivanov@qualifyze.com""}",8
REQ00186,1048,2025-02-04,GCP,119,AUD01582,pharmacovigilance_system,"{""name"": ""Nico"", ""surname"": ""Rossi"", ""email"": ""nico.rossi@customer.io""}",1
REQ00187,1062,2024-04-17,GMP,76,AUD00852,deviation_mgmt,,6
REQ00188,1059,2024-07-30,GVP,134,,data_integrity,"{""name"": ""Taylor"", ""surname"": ""Weber"", ""email"": ""taylor.weber@mail.org""}",6
REQ00189,1006,2024-04-27,GVP,6,AUD01740,clinical_data_mgmt,,9
REQ00190,1023,2025-07-19,GCP,41,AUD00678,training_records,,11
REQ00191,1024,2024-07-09,GMP,111,AUD00811,pharmacovigilance_system,"{""name"": ""Jamie"", ""surname"": ""Weber"", ""email"": ""jamie.weber@mail.org""}",7
REQ00192,1001,2024-08-07,GCP,53,AUD00571,deviation_mgmt,,6
REQ00193,1042,2024-07-20,GVP,118,AUD00234,clinical_data_mgmt,"{""name"": ""Ines"", ""surname"": ""Hernandez"", ""email"": ""ines.hernandez@customer.io""}",10
REQ00194,1050,2025-09-17,GMP,101,AUD01203,validation_program,,14
REQ00195,1087,2024-10-31,GMP,22,AUD01377,validation_program,"{""name"": ""Taylor"", ""surname"": ""Ivanov"", ""email"": ""taylor.ivanov@customer.io""}",2
REQ00196,1024,2025-01-17,GVP,37,,training_records,"{""name"": ""Isla"", ""surname"": ""Rossi"", ""email"": ""isla.rossi@mail.org""}",7
REQ00197,1082,2025-07-04,GMP,45,AUD01137,data_integrity,"{""name"": ""Quinn"", ""surname"": ""Rossi"", ""email"": ""quinn.rossi@qualifyze.com""}",6
REQ00198,1108,2025-04-06,GVP,14,,,"{""name"": ""Ines"", ""surname"": ""Rossi"", ""email"": ""ines.rossi@qualifyze.com""}",14
REQ00199,1053,2025-05-18,GVP,107,AUD01455,data_integrity,,13
REQ00200,1098,2024-08-13,GVP,75,AUD00067,complaint_handling,"{""name"": ""Sofia"", ""surname"": ""Silva"", ""email"": ""sofia.silva@qualifyze.com""}",13
REQ00201,1059,2025-08-02,GCP,127,AUD01126,deviation_mgmt,"{""name"": ""Liam"", ""surname"": ""Smith"", ""email"": ""liam.smith@customer.io""}",13
REQ00202,1070,2025-01-10,GMP,139,AUD01685,data_integrity,"{""name"": ""Sofia"", ""surname"": ""Nguyen"", ""email"": ""sofia.nguyen@mail.org""}",2
REQ00203,1095,2025-10-31,GMP,64,AUD00610,data_integrity,"{""name"": ""Avery"", ""surname"": ""Demeter"", ""email"": ""avery.demeter@example.com""}",
REQ00204,1111,2024-04-30,GCP,61,AUD00430,pharmacovigilance_system,"{""name"": ""Diego"", ""surname"": ""Martinez"", ""email"": ""diego.martinez@qualifyze.com""}",10
REQ00205,1018,2024-07-30,GMP,53,AUD01650,pharmacovigilance_system,"{""name"": ""Diego"", ""surname"": ""Popescu"", ""email"": ""diego.popescu@customer.io""}",10
REQ00206,1069,2024-06-21,GVP,83,AUD01442,batch_release,"{""name"": ""Liam"", ""surname"": ""Schmidt"", ""email"": ""liam.schmidt@example.com""}",3
REQ00207,1097,2025-02-25,,16,,supplier_qualification,"{""name"": ""Casey"", ""surname"": ""Ivanov"", ""email"": ""casey.ivanov@qualifyze.com""}",12
REQ00208,1063,2024-05-25,GVP,148,AUD01296,clinical_data_mgmt,"{""name"": ""Marta"", ""surname"": ""Sanchez"", ""email"": ""marta.sanchez@mail.org""}",2
REQ00209,1082,2024-04-05,GCP,104,AUD01056,batch_release,"{""name"": ""Diego"", ""surname"": ""Weber"", ""email"": ""diego.weber@mail.org""}",6
REQ00210,1075,2024-01-03,,24,,clinical_data_mgmt,"{""name"": ""Diego"", ""surname"": ""Khan"", ""email"": ""diego.khan@mail.org""}",4
REQ00211,1035,2024-11-26,GCP,73,AUD00692,pharmacovigilance_system,"{""name"": ""Casey"", ""surname"": ""Fischer"", ""email"": ""casey.fischer@customer.io""}",15
REQ00212,1088,2024-02-19,,12,,data_integrity,"{""name"": ""Alex"", ""surname"": ""Smith"", ""email"": ""alex.smith@qualifyze.com""}",8
REQ00213,1026,2024-05-15,,78,,,"{""name"": ""Diego"", ""surname"": ""Schmidt"", ""email"": ""diego.schmidt@example.com""}",6
REQ00214,1051,2025-10-02,GCP,79,AUD01487,complaint_handling,"{""name"": ""Marta"", ""surname"": ""Khan"", ""email"": ""marta.khan@example.com""}",
REQ00215,1028,2025-05-03,,20,,,"{""name"": ""Nico"", ""surname"": ""Weber"", ""email"": ""nico.weber@example.com""}",1
REQ00216,1089,2024-05-15,,123,,training_records,"{""name"": ""Jordan"", ""surname"": ""Smith"", ""email"": ""jordan.smith@example.com""}",6
REQ00217,1049,2024-05-16,GCP,37,AUD00141,pharmacovigilance_system,"{""name"": ""Alex"", ""surname"": ""Lopez"", ""email"": ""alex.lopez@mail.org""}",6
REQ00218,1093,2024-08-06,,39,AUD01884,pharmacovigilance_system,"{""name"": ""Pablo"", ""surname"": ""Nguyen"", ""email"": ""pablo.nguyen@example.com""}",15
REQ00219,1097,2024-05-06,GVP,99,AUD00720,validation_program,"{""name"": ""Casey"", ""surname"": ""Ivanov"", ""email"": ""casey.ivanov@customer.io""}",11
REQ00220,1011,2024-09-11,GCP,142,AUD01231,pharmacovigilance_system,"{""name"": ""Quinn"", ""surname"": ""Garcia"", ""email"": ""quinn.garcia@customer.io""}",4
REQ00221,1067,2025-09-13,GCP,131,AUD00387,training_records,,8
REQ00222,1050,2024-04-25,GCP,62,AUD01024,pharmacovigilance_system,,6
REQ00223,1120,2024-11-20,GCP,34,AUD00793,training_records,"{""name"": ""Diego"", ""surname"": ""Popescu"", ""email"": ""diego.popescu@qualifyze.com""}",13
REQ00224,1061,2024-03-15,GMP,5,,change_control,"{""name"": ""Avery"", ""surname"": ""Nguyen"", ""email"": ""avery.nguyen@example.com""}",15
REQ00225,1065,2024-10-20,GVP,129,AUD01572,training_records,"{""name"": ""Lucia"", ""surname"": ""Khan"", ""email"": ""lucia.khan@qualifyze.com""}",5
REQ00226,1011,2024-11-13,GMP,21,AUD01048,supplier_qualification,,10
REQ00227,1082,2025-10-27,,17,,training_records,"{""name"": ""Riley"", ""surname"": ""Muller"", ""email"": ""riley.muller@qualifyze.com""}",2
REQ00228,1079,2025-09-15,GCP,15,AUD00634,clinical_data_mgmt,,12
REQ00229,1018,2024-01-12,GVP,42,AUD01017,risk_management,"{""name"": ""Nico"", ""surname"": ""Schmidt"", ""email"": ""nico.schmidt@qualifyze.com""}",
REQ00230,1017,2024-10-02,GMP,31,AUD01580,validation_program,,5
REQ00231,1092,2025-08-13,GVP,20,AUD01017,risk_management,"{""name"": ""Diego"", ""surname"": ""Muller"", ""email"": ""diego.muller@mail.org""}",14
REQ00232,1073,2024-06-19,GVP,95,AUD00323,deviation_mgmt,"{""name"": ""Liam"", ""surname"": ""Smith"", ""email"": ""liam.smith@qualifyze.com""}",
REQ00233,1066,2024-01-03,GMP,12,AUD01759,complaint_handling,,7
REQ00234,1118,2024-06-02,GMP,46,AUD01908,risk_management,"{""name"": ""Marta"", ""surname"": ""Ivanov"", ""email"": ""marta.ivanov@customer.io""}",4
REQ00235,1054,2024-11-23,GMP,70,AUD01692,pharmacovigilance_system,"{""name"": ""Diego"", ""surname"": ""Smith"", ""email"": ""diego.smith@example.com""}",3
REQ00236,1029,2025-06-12,GVP,12,AUD01954,deviation_mgmt,"{""name"": ""Pablo"", ""surname"": ""Silva"", ""email"": ""pablo.silva@customer.io""}",6
REQ00237,1012,2025-07-20,GVP,117,,,"{""name"": ""Quinn"", ""surname"": ""Silva"", ""email"": ""quinn.silva@qualifyze.com""}",8
REQ00238,1099,2024-07-19,GMP,140,AUD01558,supplier_qualification,,4
REQ00239,1070,2024-12-20,GVP,3,AUD01948,change_control,,4
REQ00240,1068,2024-08-31,GMP,108,AUD01008,,"{""name"": ""Avery"", ""surname"": ""Khan"", ""email"": ""avery.khan@example.com""}",15
REQ00241,1053,2025-01-16,,118,AUD01996,,"{""name"": ""Liam"", ""surname"": ""Smith"", ""email"": ""liam.smith@qualifyze.com""}",11
REQ00242,1056,2024-05-13,GVP,61,AUD00598,validation_program,,8
REQ00243,1035,2024-08-27,GMP,20,AUD01933,supplier_qualification,"{""name"": ""Liam"", ""surname"": ""Smith"", ""email"": ""liam.smith@qualifyze.com""}",2
REQ00244,1022,2025-04-05,GVP,120,,,"{""name"": ""Sofia"", ""surname"": ""Demeter"", ""email"": ""sofia.demeter@qualifyze.com""}",8
REQ00245,1110,2024-05-02,,24,AUD00323,,"{""name"": ""Isla"", ""surname"": ""Muller"", ""email"": ""isla.muller@qualifyze.com""}",14
REQ00246,1092,2024-09-11,GCP,92,AUD00812,change_control,"{""name"": ""Quinn"", ""surname"": ""Schmidt"", ""email"": ""quinn.schmidt@qualifyze.com""}",1
REQ00247,1052,2025-04-08,GCP,143,AUD01533,complaint_handling,"{""name"": ""Taylor"", ""surname"": ""Weber"", ""email"": ""taylor.weber@example.com""}",13
REQ00248,1102,2024-05-23,,32,,,"{""name"": ""Casey"", ""surname"": ""Nguyen"", ""email"": ""casey.nguyen@mail.org""}",6
REQ00249,1118,2024-03-17,GMP,6,AUD00133,clinical_data_mgmt,,15
REQ00250,1109,2024-12-05,GVP,32,AUD00088,change_control,"{""name"": ""Morgan"", ""surname"": ""Martinez"", ""email"": ""morgan.martinez@mail.org""}",8
REQ00251,1004,2025-01-26,GVP,110,AUD00354,complaint_handling,"{""name"": ""Morgan"", ""surname"": ""Schmidt"", ""email"": ""morgan.schmidt@customer.io""}",8
REQ00252,1114,2024-06-01,GCP,9,AUD01258,pharmacovigilance_system,"{""name"": ""Riley"", ""surname"": ""Silva"", ""email"": ""riley.silva@mail.org""}",7
REQ00253,1113,2025-07-17,GMP,123,AUD00125,batch_release,"{""name"": ""Lucia"", ""surname"": ""Rossi"", ""email"": ""lucia.rossi@mail.org""}",4
REQ00254,1083,2025-06-22,GCP,64,,,"{""name"": ""Lucia"", ""surname"": ""Demeter"", ""email"": ""lucia.demeter@mail.org""}",9
REQ00255,1050,2024-10-03,GVP,47,AUD00054,pharmacovigilance_system,"{""name"": ""Riley"", ""surname"": ""Garcia"", ""email"": ""riley.garcia@customer.io""}",
REQ00256,1104,2025-04-28,GCP,136,,complaint_handling,"{""name"": ""Morgan"", ""surname"": ""Smith"", ""email"": ""morgan.smith@qualifyze.com""}",11
REQ00257,1069,2024-02-27,GVP,57,AUD01180,validation_program,"{""name"": ""Morgan"", ""surname"": ""Lopez"", ""email"": ""morgan.lopez@qualifyze.com""}",10
REQ00258,1041,2025-01-02,GCP,8,AUD01441,validation_program,"{""name"": ""Liam"", ""surname"": ""Rossi"", ""email"": ""liam.rossi@qualifyze.com""}",14
REQ00259,1104,2025-05-19,GMP,139,AUD00633,data_integrity,"{""name"": ""Sam"", ""surname"": ""Khan"", ""email"": ""sam.khan@example.com""}",4
REQ00260,1078,2024-08-12,GVP,6,AUD01079,change_control,"{""name"": ""Carmen"", ""surname"": ""Nguyen"", ""email"": ""carmen.nguyen@qualifyze.com""}",6
REQ00261,1092,2024-06-30,GMP,83,AUD00122,supplier_qualification,"{""name"": ""Liam"", ""surname"": ""Rossi"", ""email"": ""liam.rossi@example.com""}",14
REQ00262,1068,2025-01-08,GCP,19,AUD00766,clinical_data_mgmt,"{""name"": ""Lucia"", ""surname"": ""Smith"", ""email"": ""lucia.smith@customer.io""}",5
REQ00263,1042,2024-05-19,GVP,41,AUD01500,clinical_data_mgmt,"{""name"": ""Ines"", ""surname"": ""Romaniuc"", ""email"": ""ines.romaniuc@qualifyze.com""}",12
REQ00264,1072,2025-09-20,,92,,,"{""name"": ""Morgan"", ""surname"": ""Sanchez"", ""email"": ""morgan.sanchez@customer.io""}",12
REQ00265,1094,2024-01-02,,147,,,"{""name"": ""Morgan"", ""surname"": ""Romaniuc"", ""email"": ""morgan.romaniuc@qualifyze.com""}",11
REQ00266,1043,2024-03-20,GVP,61,AUD00711,supplier_qualification,"{""name"": ""Jordan"", ""surname"": ""Romaniuc"", ""email"": ""jordan.romaniuc@mail.org""}",1
REQ00267,1034,2024-08-02,GMP,64,,,"{""name"": ""Avery"", ""surname"": ""Smith"", ""email"": ""avery.smith@example.com""}",1
REQ00268,1022,2025-02-27,GVP,127,AUD01806,validation_program,"{""name"": ""Sofia"", ""surname"": ""Sanchez"", ""email"": ""sofia.sanchez@example.com""}",14
REQ00269,1062,2025-08-14,,58,AUD00334,,"{""name"": ""Sam"", ""surname"": ""Silva"", ""email"": ""sam.silva@example.com""}",6
REQ00270,1044,2024-06-23,GCP,97,AUD00330,deviation_mgmt,"{""name"": ""Sofia"", ""surname"": ""Khan"", ""email"": ""sofia.khan@customer.io""}",10
REQ00271,1079,2025-05-09,GCP,8,AUD00884,supplier_qualification,"{""name"": ""Isla"", ""surname"": ""Martinez"", ""email"": ""isla.martinez@qualifyze.com""}",1
REQ00272,1013,2024-12-05,,53,,training_records,"{""name"": ""Sofia"", ""surname"": ""Popescu"", ""email"": ""sofia.popescu@customer.io""}",11
REQ00273,1013,2024-02-20,GCP,101,AUD01171,data_integrity,"{""name"": ""Casey"", ""surname"": ""Muller"", ""email"": ""casey.muller@customer.io""}",1
REQ00274,1055,2024-03-30,GCP,76,AUD01688,clinical_data_mgmt,"{""name"": ""Isla"", ""surname"": ""Fischer"", ""email"": ""isla.fischer@qualifyze.com""}",2
REQ00275,1004,2024-07-30,GVP,44,,,"{""name"": ""Ines"", ""surname"": ""Smith"", ""email"": ""ines.smith@customer.io""}",13
REQ00276,1115,2024-09-28,GCP,24,,training_records,"{""name"": ""Morgan"", ""surname"": ""Demeter"", ""email"": ""morgan.demeter@mail.org""}",6
REQ00277,1006,2024-09-26,GVP,113,AUD00953,complaint_handling,"{""name"": ""Avery"", ""surname"": ""Muller"", ""email"": ""avery.muller@qualifyze.com""}",
REQ00278,1090,2024-04-09,GVP,22,AUD01369,risk_management,"{""name"": ""Marta"", ""surname"": ""Ivanov"", ""email"": ""marta.ivanov@example.com""}",
REQ00279,1050,2025-06-19,GCP,108,AUD01978,clinical_data_mgmt,"{""name"": ""Ines"", ""surname"": ""Ivanov"", ""email"": ""ines.ivanov@mail.org""}",5
REQ00280,1011,2025-02-08,,9,AUD01029,,"{""name"": ""Liam"", ""surname"": ""Rossi"", ""email"": ""liam.rossi@example.com""}",13
REQ00281,1028,2024-07-16,GVP,33,AUD00088,deviation_mgmt,"{""name"": ""Marta"", ""surname"": ""Nguyen"", ""email"": ""marta.nguyen@qualifyze.com""}",14
REQ00282,1077,2024-09-21,GCP,82,,,"{""name"": ""Jordan"", ""surname"": ""Sanchez"", ""email"": ""jordan.sanchez@mail.org""}",9
REQ00283,1118,2024-01-13,GVP,134,AUD01601,deviation_mgmt,,10
REQ00284,1076,2025-08-19,GMP,26,AUD01895,pharmacovigilance_system,,15
REQ00285,1053,2024-09-27,GVP,99,AUD01342,pharmacovigilance_system,"{""name"": ""Isla"", ""surname"": ""Fischer"", ""email"": ""isla.fischer@example.com""}",3
REQ00286,1036,2025-02-16,,37,AUD01267,,"{""name"": ""Lucia"", ""surname"": ""Muller"", ""email"": ""lucia.muller@mail.org""}",15
REQ00287,1007,2025-05-01,GVP,69,AUD01838,change_control,"{""name"": ""Carmen"", ""surname"": ""Silva"", ""email"": ""carmen.silva@customer.io""}",
REQ00288,1108,2025-05-18,GMP,26,AUD01992,supplier_qualification,"{""name"": ""Quinn"", ""surname"": ""Weber"", ""email"": ""quinn.weber@customer.io""}",5
REQ00289,1094,2025-03-02,GVP,23,AUD00385,complaint_handling,"{""name"": ""Marta"", ""surname"": ""Fischer"", ""email"": ""marta.fischer@customer.io""}",14
REQ00290,1008,2025-06-11,GVP,41,AUD00135,risk_management,"{""name"": ""Lucia"", ""surname"": ""Rossi"", ""email"": ""lucia.rossi@example.com""}",3
REQ00291,1025,2024-07-24,GMP,15,AUD00511,data_integrity,"{""name"": ""Sam"", ""surname"": ""Demeter"", ""email"": ""sam.demeter@qualifyze.com""}",5
REQ00292,1048,2025-04-20,,130,,,"{""name"": ""Alex"", ""surname"": ""Ivanov"", ""email"": ""alex.ivanov@customer.io""}",8
REQ00293,1076,2025-07-18,,90,AUD00706,batch_release,"{""name"": ""Jordan"", ""surname"": ""Silva"", ""email"": ""jordan.silva@example.com""}",7
REQ00294,1110,2025-08-08,,55,AUD01756,,"{""name"": ""Riley"", ""surname"": ""Nguyen"", ""email"": ""riley.nguyen@customer.io""}",11
REQ00295,1111,2024-01-10,,122,,,"{""name"": ""Morgan"", ""surname"": ""Garcia"", ""email"": ""morgan.garcia@qualifyze.com""}",5
REQ00296,1115,2025-01-20,,90,AUD00941,complaint_handling,"{""name"": ""Pablo"", ""surname"": ""Silva"", ""email"": ""pablo.silva@mail.org""}",10
REQ00297,1066,2025-01-18,GCP,144,,pharmacovigilance_system,"{""name"": ""Quinn"", ""surname"": ""Silva"", ""email"": ""quinn.silva@example.com""}",8
REQ00298,1036,2025-10-17,,84,AUD01765,batch_release,"{""name"": ""Quinn"", ""surname"": ""Nguyen"", ""email"": ""quinn.nguyen@qualifyze.com""}",9
REQ00299,1104,2025-09-06,GVP,104,AUD01353,clinical_data_mgmt,"{""name"": ""Casey"", ""surname"": ""Garcia"", ""email"": ""casey.garcia@mail.org""}",5
REQ00300,1034,2025-03-04,GCP,104,AUD00796,change_control,"{""name"": ""Liam"", ""surname"": ""Nguyen"", ""email"": ""liam.nguyen@customer.io""}",12
REQ00301,1092,2024-08-15,GVP,137,AUD01308,clinical_data_mgmt,"{""name"": ""Diego"", ""surname"": ""Hernandez"", ""email"": ""diego.hernandez@customer.io""}",14
REQ00302,1022,2025-07-25,,47,AUD00602,,"{""name"": ""Casey"", ""surname"": ""Schmidt"", ""email"": ""casey.schmidt@qualifyze.com""}",11
REQ00303,1029,2024-12-29,GVP,58,AUD01525,training_records,"{""name"": ""Carmen"", ""surname"": ""Demeter"", ""email"": ""carmen.demeter@customer.io""}",10
REQ00304,1038,2025-04-19,GMP,31,AUD00964,,"{""name"": ""Liam"", ""surname"": ""Khan"", ""email"": ""liam.khan@mail.org""}",15
REQ00305,1016,2025-01-25,GVP,136,AUD00612,change_control,"{""name"": ""Casey"", ""surname"": ""Rossi"", ""email"": ""casey.rossi@qualifyze.com""}",6
REQ00306,1053,2025-08-06,GVP,118,,supplier_qualification,"{""name"": ""Jordan"", ""surname"": ""Fischer"", ""email"": ""jordan.fischer@customer.io""}",11
REQ00307,1082,2024-02-29,GVP,2,AUD00926,complaint_handling,"{""name"": ""Morgan"", ""surname"": ""Lopez"", ""email"": ""morgan.lopez@mail.org""}",13
REQ00308,1098,2024-03-31,,34,AUD01259,,"{""name"": ""Marta"", ""surname"": ""Sanchez"", ""email"": ""marta.sanchez@mail.org""}",8
REQ00309,1069,2024-07-23,GMP,96,AUD01946,validation_program,"{""name"": ""Nico"", ""surname"": ""Nguyen"", ""email"": ""nico.nguyen@example.com""}",11
REQ00310,1001,2025-10-03,GCP,64,AUD00464,validation_program,"{""name"": ""Quinn"", ""surname"": ""Rossi"", ""email"": ""quinn.rossi@example.com""}",7
REQ00311,1065,2025-08-25,GMP,79,AUD00343,change_control,,12
REQ00312,1067,2025-09-02,GVP,135,AUD00692,clinical_data_mgmt,"{""name"": ""Casey"", ""surname"": ""Romaniuc"", ""email"": ""casey.romaniuc@mail.org""}",
REQ00313,1097,2024-07-11,GVP,43,AUD01942,change_control,,4
REQ00314,1094,2024-01-23,GMP,130,AUD00347,validation_program,"{""name"": ""Sam"", ""surname"": ""Sanchez"", ""email"": ""sam.sanchez@customer.io""}",13
REQ00315,1069,2025-09-30,GMP,13,,clinical_data_mgmt,"{""name"": ""Taylor"", ""surname"": ""Garcia"", ""email"": ""taylor.garcia@example.com""}",12
REQ00316,1057,2025-01-24,GVP,32,AUD01121,data_integrity,"{""name"": ""Casey"", ""surname"": ""Nguyen"", ""email"": ""casey.nguyen@example.com""}",
REQ00317,1054,2024-04-13,GCP,134,AUD00553,pharmacovigilance_system,,9
REQ00318,1093,2025-09-24,GMP,31,AUD00579,deviation_mgmt,,13
REQ00319,1034,2025-06-19,,52,,training_records,"{""name"": ""Quinn"", ""surname"": ""Lopez"", ""email"": ""quinn.lopez@example.com""}",9
REQ00320,1043,2024-08-28,,1,,,"{""name"": ""Taylor"", ""surname"": ""Fischer"", ""email"": ""taylor.fischer@qualifyze.com""}",2
REQ00321,1083,2024-08-24,GVP,117,,data_integrity,"{""name"": ""Sam"", ""surname"": ""Smith"", ""email"": ""sam.smith@qualifyze.com""}",14
REQ00322,1047,2024-11-16,,110,,,"{""name"": ""Sam"", ""surname"": ""Garcia"", ""email"": ""sam.garcia@qualifyze.com""}",11
REQ00323,1115,2025-03-24,GCP,69,,,"{""name"": ""Diego"", ""surname"": ""Romaniuc"", ""email"": ""diego.romaniuc@qualifyze.com""}",2
REQ00324,1035,2025-01-29,GVP,123,AUD01639,clinical_data_mgmt,,12
REQ00325,1093,2024-03-01,GVP,41,AUD00213,pharmacovigilance_system,"{""name"": ""Ines"", ""surname"": ""Weber"", ""email"": ""ines.weber@qualifyze.com""}",10
REQ00326,1049,2025-01-02,GCP,8,AUD01767,supplier_qualification,"{""name"": ""Ines"", ""surname"": ""Fischer"", ""email"": ""ines.fischer@example.com""}",15
REQ00327,1053,2025-03-27,GVP,12,AUD00130,clinical_data_mgmt,"{""name"": ""Carmen"", ""surname"": ""Garcia"", ""email"": ""carmen.garcia@qualifyze.com""}",11
REQ00328,1112,2024-12-12,GCP,133,AUD01072,pharmacovigilance_system,"{""name"": ""Taylor"", ""surname"": ""Martinez"", ""email"": ""taylor.martinez@qualifyze.com""}",8
REQ00329,1045,2025-10-18,,99,,pharmacovigilance_system,"{""name"": ""Sam"", ""surname"": ""Garcia"", ""email"": ""sam.garcia@qualifyze.com""}",9
REQ00330,1010,2025-05-18,GVP,83,AUD00494,batch_release,"{""name"": ""Sam"", ""surname"": ""Hernandez"", ""email"": ""sam.hernandez@qualifyze.com""}",
REQ00331,1083,2025-01-22,GMP,104,AUD01674,deviation_mgmt,"{""name"": ""Pablo"", ""surname"": ""Weber"", ""email"": ""pablo.weber@mail.org""}",
REQ00332,1110,2025-05-25,GMP,115,AUD00648,,"{""name"": ""Alex"", ""surname"": ""Smith"", ""email"": ""alex.smith@mail.org""}",7
REQ00333,1071,2024-01-01,GCP,24,AUD01622,pharmacovigilance_system,"{""name"": ""Quinn"", ""surname"": ""Hernandez"", ""email"": ""quinn.hernandez@qualifyze.com""}",
REQ00334,1086,2025-04-12,,88,,,"{""name"": ""Pablo"", ""surname"": ""Romaniuc"", ""email"": ""pablo.romaniuc@mail.org""}",12
REQ00335,1013,2024-08-15,GVP,1,AUD00700,clinical_data_mgmt,"{""name"": ""Quinn"", ""surname"": ""Popescu"", ""email"": ""quinn.popescu@customer.io""}",12
REQ00336,1014,2024-02-16,GMP,43,AUD01009,training_records,,4
REQ00337,1016,2025-02-06,,56,,,"{""name"": ""Taylor"", ""surname"": ""Martinez"", ""email"": ""taylor.martinez@example.com""}",15
REQ00338,1059,2025-08-26,GVP,130,AUD00276,change_control,"{""name"": ""Nico"", ""surname"": ""Muller"", ""email"": ""nico.muller@mail.org""}",14
REQ00339,1075,2025-05-09,,131,,,"{""name"": ""Morgan"", ""surname"": ""Rossi"", ""email"": ""morgan.rossi@example.com""}",7
REQ00340,1054,2025-09-15,GVP,64,AUD00561,validation_program,"{""name"": ""Quinn"", ""surname"": ""Weber"", ""email"": ""quinn.weber@qualifyze.com""}",
REQ00341,1053,2025-09-08,GCP,132,AUD00613,,"{""name"": ""Carmen"", ""surname"": ""Popescu"", ""email"": ""carmen.popescu@qualifyze.com""}",4
REQ00342,1092,2024-10-24,GCP,89,,supplier_qualification,"{""name"": ""Morgan"", ""surname"": ""Hernandez"", ""email"": ""morgan.hernandez@customer.io""}",12
REQ00343,1072,2025-05-06,GCP,150,AUD01169,training_records,"{""name"": ""Sofia"", ""surname"": ""Silva"", ""email"": ""sofia.silva@mail.org""}",13
REQ00344,1002,2025-06-19,GVP,28,,supplier_qualification,"{""name"": ""Sam"", ""surname"": ""Muller"", ""email"": ""sam.muller@qualifyze.com""}",5
REQ00345,1088,2024-09-13,GMP,38,AUD01720,batch_release,"{""name"": ""Jamie"", ""surname"": ""Popescu"", ""email"": ""jamie.popescu@example.com""}",6
REQ00346,1105,2025-04-08,,27,,,"{""name"": ""Riley"", ""surname"": ""Popescu"", ""email"": ""riley.popescu@mail.org""}",4
REQ00347,1119,2025-01-25,GCP,100,AUD00854,validation_program,,12
REQ00348,1033,2024-07-26,GMP,114,AUD01700,clinical_data_mgmt,"{""name"": ""Diego"", ""surname"": ""Popescu"", ""email"": ""diego.popescu@qualifyze.com""}",13
REQ00349,1093,2024-07-17,GMP,76,AUD00920,clinical_data_mgmt,"{""name"": ""Jordan"", ""surname"": ""Lopez"", ""email"": ""jordan.lopez@qualifyze.com""}",12
REQ00350,1066,2024-05-02,,97,,,"{""name"": ""Sofia"", ""surname"": ""Schmidt"", ""email"": ""sofia.schmidt@qualifyze.com""}",3
REQ00351,1060,2024-06-07,,11,,,"{""name"": ""Sam"", ""surname"": ""Silva"", ""email"": ""sam.silva@mail.org""}",13
REQ00352,1101,2024-11-21,GMP,135,AUD00451,risk_management,"{""name"": ""Jordan"", ""surname"": ""Hernandez"", ""email"": ""jordan.hernandez@qualifyze.com""}",
REQ00353,1070,2025-07-03,GVP,104,AUD00189,complaint_handling,"{""name"": ""Jamie"", ""surname"": ""Romaniuc"", ""email"": ""jamie.romaniuc@customer.io""}",6
REQ00354,1038,2024-08-11,GCP,136,AUD00973,,"{""name"": ""Alex"", ""surname"": ""Smith"", ""email"": ""alex.smith@customer.io""}",8
REQ00355,1079,2025-09-28,GMP,63,AUD01964,clinical_data_mgmt,"{""name"": ""Carmen"", ""surname"": ""Sanchez"", ""email"": ""carmen.sanchez@example.com""}",
REQ00356,1033,2025-07-07,GCP,73,,validation_program,"{""name"": ""Nico"", ""surname"": ""Hernandez"", ""email"": ""nico.hernandez@mail.org""}",8
REQ00357,1115,2025-10-29,GCP,50,AUD00657,deviation_mgmt,"{""name"": ""Taylor"", ""surname"": ""Lopez"", ""email"": ""taylor.lopez@example.com""}",11
REQ00358,1009,2024-08-03,GCP,55,AUD01772,training_records,"{""name"": ""Taylor"", ""surname"": ""Nguyen"", ""email"": ""taylor.nguyen@mail.org""}",11
REQ00359,1105,2024-03-14,GVP,40,,validation_program,"{""name"": ""Sam"", ""surname"": ""Khan"", ""email"": ""sam.khan@example.com""}",1
REQ00360,1072,2024-03-13,GMP,148,AUD01683,batch_release,"{""name"": ""Marta"", ""surname"": ""Sanchez"", ""email"": ""marta.sanchez@mail.org""}",11
REQ00361,1052,2025-03-19,,81,,,"{""name"": ""Taylor"", ""surname"": ""Popescu"", ""email"": ""taylor.popescu@example.com""}",11
REQ00362,1090,2024-03-15,GCP,92,,,"{""name"": ""Quinn"", ""surname"": ""Silva"", ""email"": ""quinn.silva@example.com""}",5
REQ00363,1106,2024-02-01,GCP,122,AUD00321,complaint_handling,"{""name"": ""Casey"", ""surname"": ""Sanchez"", ""email"": ""casey.sanchez@customer.io""}",11
REQ00364,1019,2024-11-01,GMP,96,AUD01961,risk_management,"{""name"": ""Sofia"", ""surname"": ""Rossi"", ""email"": ""sofia.rossi@example.com""}",
REQ00365,1001,2025-08-09,GCP,101,AUD01101,deviation_mgmt,"{""name"": ""Quinn"", ""surname"": ""Nguyen"", ""email"": ""quinn.nguyen@customer.io""}",4
REQ00366,1053,2025-10-23,GMP,132,AUD00292,supplier_qualification,"{""name"": ""Riley"", ""surname"": ""Schmidt"", ""email"": ""riley.schmidt@qualifyze.com""}",2
REQ00367,1024,2025-08-03,GCP,14,,data_integrity,"{""name"": ""Sofia"", ""surname"": ""Khan"", ""email"": ""sofia.khan@customer.io""}",11
REQ00368,1013,2024-07-21,,149,,,"{""name"": ""Casey"", ""surname"": ""Ivanov"", ""email"": ""casey.ivanov@example.com""}",5
REQ00369,1063,2025-04-06,GCP,85,AUD01263,batch_release,,13
REQ00370,1041,2025-03-14,GVP,44,AUD00010,complaint_handling,"{""name"": ""Riley"", ""surname"": ""Martinez"", ""email"": ""riley.martinez@customer.io""}",14
REQ00371,1047,2024-05-17,GVP,85,AUD01798,data_integrity,"{""name"": ""Pablo"", ""surname"": ""Demeter"", ""email"": ""pablo.demeter@customer.io""}",8
REQ00372,1071,2024-04-21,,45,,,"{""name"": ""Avery"", ""surname"": ""Rossi"", ""email"": ""avery.rossi@qualifyze.com""}",5
REQ00373,1115,2024-01-20,GMP,130,AUD01294,,"{""name"": ""Liam"", ""surname"": ""Sanchez"", ""email"": ""liam.sanchez@qualifyze.com""}",15
REQ00374,1034,2025-07-10,GCP,139,AUD00967,supplier_qualification,"{""name"": ""Diego"", ""surname"": ""Sanchez"", ""email"": ""diego.sanchez@qualifyze.com""}",15
REQ00375,1099,2025-08-26,,75,,,"{""name"": ""Nico"", ""surname"": ""Khan"", ""email"": ""nico.khan@mail.org""}",6
REQ00376,1097,2025-06-10,GMP,36,AUD00914,supplier_qualification,"{""name"": ""Liam"", ""surname"": ""Rossi"", ""email"": ""liam.rossi@mail.org""}",
REQ00377,1006,2024-08-12,GMP,125,AUD00475,batch_release,,11
REQ00378,1027,2025-06-14,GVP,93,AUD00795,data_integrity,,2
REQ00379,1091,2025-06-17,,71,,,"{""name"": ""Liam"", ""surname"": ""Popescu"", ""email"": ""liam.popescu@qualifyze.com""}",7
REQ00380,1067,2024-09-14,GMP,97,AUD01993,risk_management,"{""name"": ""Lucia"", ""surname"": ""Demeter"", ""email"": ""lucia.demeter@customer.io""}",8
REQ00381,1102,2025-05-08,GMP,2,AUD01028,data_integrity,"{""name"": ""Morgan"", ""surname"": ""Ivanov"", ""email"": ""morgan.ivanov@example.com""}",9
REQ00382,1083,2024-10-14,GMP,55,AUD00308,supplier_qualification,"{""name"": ""Diego"", ""surname"": ""Smith"", ""email"": ""diego.smith@qualifyze.com""}",7
REQ00383,1104,2024-12-04,GCP,30,AUD00987,data_integrity,"{""name"": ""Ines"", ""surname"": ""Nguyen"", ""email"": ""ines.nguyen@qualifyze.com""}",
REQ00384,1107,2025-02-24,,6,,,"{""name"": ""Liam"", ""surname"": ""Lopez"", ""email"": ""liam.lopez@qualifyze.com""}",11
REQ00385,1022,2024-09-21,GVP,47,AUD01059,pharmacovigilance_system,"{""name"": ""Liam"", ""surname"": ""Garcia"", ""email"": ""liam.garcia@customer.io""}",
REQ00386,1028,2025-04-04,GVP,121,AUD01777,supplier_qualification,,13
REQ00387,1075,2024-07-05,,131,,clinical_data_mgmt,"{""name"": ""Carmen"", ""surname"": ""Weber"", ""email"": ""carmen.weber@example.com""}",4
REQ00388,1014,2024-01-17,GCP,52,AUD01071,clinical_data_mgmt,"{""name"": ""Marta"", ""surname"": ""Rossi"", ""email"": ""marta.rossi@example.com""}",3
REQ00389,1061,2025-09-21,GCP,10,AUD01798,risk_management,"{""name"": ""Taylor"", ""surname"": ""Khan"", ""email"": ""taylor.khan@mail.org""}",11
REQ00390,1017,2025-09-09,GMP,139,AUD01695,clinical_data_mgmt,"{""name"": ""Marta"", ""surname"": ""Hernandez"", ""email"": ""marta.hernandez@mail.org""}",6
REQ00391,1112,2024-02-14,GMP,136,,data_integrity,"{""name"": ""Lucia"", ""surname"": ""Demeter"", ""email"": ""lucia.demeter@example.com""}",7
REQ00392,1062,2024-08-26,GCP,22,AUD00581,risk_management,"{""name"": ""Marta"", ""surname"": ""Schmidt"", ""email"": ""marta.schmidt@qualifyze.com""}",
REQ00393,1091,2024-01-08,GMP,148,AUD01071,risk_management,"{""name"": ""Alex"", ""surname"": ""Sanchez"", ""email"": ""alex.sanchez@qualifyze.com""}",12
REQ00394,1103,2024-11-19,GMP,105,AUD00742,supplier_qualification,,14
REQ00395,1069,2025-03-09,GCP,145,AUD00749,batch_release,"{""name"": ""Lucia"", ""surname"": ""Nguyen"", ""email"": ""lucia.nguyen@mail.org""}",9
REQ00396,1101,2025-07-24,GVP,124,AUD00367,risk_management,"{""name"": ""Sofia"", ""surname"": ""Fischer"", ""email"": ""sofia.fischer@customer.io""}",
REQ00397,1074,2024-12-18,,102,,,"{""name"": ""Taylor"", ""surname"": ""Ivanov"", ""email"": ""taylor.ivanov@mail.org""}",13
REQ00398,1066,2025-02-14,GCP,87,AUD01641,pharmacovigilance_system,"{""name"": ""Sam"", ""surname"": ""Lopez"", ""email"": ""sam.lopez@mail.org""}",11
REQ00399,1001,2024-04-03,GCP,38,AUD00966,training_records,"{""name"": ""Jordan"", ""surname"": ""Khan"", ""email"": ""jordan.khan@customer.io""}",4
REQ00400,1048,2024-03-22,GVP,10,AUD01484,training_records,"{""name"": ""Isla"", ""surname"": ""Hernandez"", ""email"": ""isla.hernandez@customer.io""}",12
REQ00401,1077,2024-02-28,GVP,45,AUD01312,data_integrity,,4
REQ00402,1005,2025-09-05,GCP,131,AUD01057,complaint_handling,"{""name"": ""Isla"", ""surname"": ""Lopez"", ""email"": ""isla.lopez@example.com""}",
REQ00403,1031,2025-11-01,GMP,1,AUD01999,deviation_mgmt,"{""name"": ""Avery"", ""surname"": ""Sanchez"", ""email"": ""avery.sanchez@customer.io""}",11
REQ00404,1051,2025-02-19,GMP,52,AUD01061,deviation_mgmt,"{""name"": ""Jordan"", ""surname"": ""Popescu"", ""email"": ""jordan.popescu@customer.io""}",12
REQ00405,1107,2025-07-26,GVP,150,AUD00713,batch_release,"{""name"": ""Riley"", ""surname"": ""Nguyen"", ""email"": ""riley.nguyen@mail.org""}",15
REQ00406,1052,2025-08-11,GMP,2,AUD00535,training_records,,9
REQ00407,1038,2024-12-14,GCP,30,AUD01645,batch_release,"{""name"": ""Sofia"", ""surname"": ""Schmidt"", ""email"": ""sofia.schmidt@mail.org""}",7
REQ00408,1073,2025-05-10,,63,,data_integrity,"{""name"": ""Pablo"", ""surname"": ""Garcia"", ""email"": ""pablo.garcia@mail.org""}",2
REQ00409,1082,2024-08-13,GVP,59,AUD01639,training_records,,12
REQ00410,1107,2024-09-26,GMP,64,AUD00589,training_records,"{""name"": ""Carmen"", ""surname"": ""Khan"", ""email"": ""carmen.khan@qualifyze.com""}",8
REQ00411,1041,2024-12-28,,56,AUD01832,batch_release,"{""name"": ""Morgan"", ""surname"": ""Nguyen"", ""email"": ""morgan.nguyen@mail.org""}",12
REQ00412,1095,2024-09-04,GMP,68,AUD00424,complaint_handling,"{""name"": ""Riley"", ""surname"": ""Demeter"", ""email"": ""riley.demeter@qualifyze.com""}",13
REQ00413,1014,2024-05-02,GCP,21,AUD01385,data_integrity,"{""name"": ""Isla"", ""surname"": ""Garcia"", ""email"": ""isla.garcia@example.com""}",14
REQ00414,1062,2025-01-15,GCP,81,AUD01009,batch_release,"{""name"": ""Ines"", ""surname"": ""Lopez"", ""email"": ""ines.lopez@customer.io""}",7
REQ00415,1029,2025-08-13,,33,,training_records,"{""name"": ""Ines"", ""surname"": ""Popescu"", ""email"": ""ines.popescu@example.com""}",9
REQ00416,1059,2024-05-03,GVP,133,AUD00943,change_control,,10
REQ00417,1013,2024-11-29,GVP,93,AUD01255,supplier_qualification,"{""name"": ""Sofia"", ""surname"": ""Schmidt"", ""email"": ""sofia.schmidt@qualifyze.com""}",5
REQ00418,1061,2025-09-19,GMP,88,,,"{""name"": ""Marta"", ""surname"": ""Nguyen"", ""email"": ""marta.nguyen@mail.org""}",12
REQ00419,1036,2025-04-06,GMP,47,AUD01171,pharmacovigilance_system,"{""name"": ""Riley"", ""surname"": ""Smith"", ""email"": ""riley.smith@customer.io""}",13
REQ00420,1031,2025-07-22,GVP,111,AUD01754,complaint_handling,"{""name"": ""Casey"", ""surname"": ""Rossi"", ""email"": ""casey.rossi@mail.org""}",13
REQ00421,1002,2024-06-29,GMP,108,AUD01024,clinical_data_mgmt,"{""name"": ""Nico"", ""surname"": ""Popescu"", ""email"": ""nico.popescu@customer.io""}",
REQ00422,1063,2024-11-03,GCP,65,AUD01152,change_control,"{""name"": ""Lucia"", ""surname"": ""Smith"", ""email"": ""lucia.smith@qualifyze.com""}",
REQ00423,1028,2024-09-17,GCP,122,AUD01719,deviation_mgmt,"{""name"": ""Pablo"", ""surname"": ""Romaniuc"", ""email"": ""pablo.romaniuc@customer.io""}",6
REQ00424,1047,2025-07-27,GVP,143,AUD01909,validation_program,,6
REQ00425,1112,2025-09-12,GCP,51,AUD01182,clinical_data_mgmt,,6
REQ00426,1042,2025-06-06,GCP,125,AUD01587,data_integrity,"{""name"": ""Jordan"", ""surname"": ""Sanchez"", ""email"": ""jordan.sanchez@customer.io""}",
REQ00427,1081,2024-05-28,GVP,43,AUD01312,training_records,,2
REQ00428,1021,2024-12-17,GVP,59,,,"{""name"": ""Quinn"", ""surname"": ""Schmidt"", ""email"": ""quinn.schmidt@mail.org""}",5
REQ00429,1053,2024-06-20,GMP,48,AUD01750,supplier_qualification,"{""name"": ""Riley"", ""surname"": ""Schmidt"", ""email"": ""riley.schmidt@example.com""}",4
REQ00430,1022,2025-02-10,GMP,27,AUD00196,data_integrity,"{""name"": ""Sofia"", ""surname"": ""Muller"", ""email"": ""sofia.muller@example.com""}",13
REQ00431,1051,2025-06-20,GVP,22,AUD00213,pharmacovigilance_system,"{""name"": ""Casey"", ""surname"": ""Khan"", ""email"": ""casey.khan@mail.org""}",
REQ00432,1030,2024-09-10,GCP,73,AUD00908,supplier_qualification,"{""name"": ""Casey"", ""surname"": ""Hernandez"", ""email"": ""casey.hernandez@qualifyze.com""}",1
REQ00433,1005,2024-12-31,GVP,84,AUD01770,data_integrity,"{""name"": ""Sofia"", ""surname"": ""Schmidt"", ""email"": ""sofia.schmidt@mail.org""}",3
REQ00434,1090,2025-07-06,GCP,46,AUD01211,data_integrity,"{""name"": ""Liam"", ""surname"": ""Martinez"", ""email"": ""liam.martinez@customer.io""}",15
REQ00435,1045,2025-05-08,GMP,139,,data_integrity,"{""name"": ""Quinn"", ""surname"": ""Demeter"", ""email"": ""quinn.demeter@mail.org""}",5
REQ00436,1002,2024-01-01,GMP,134,AUD01670,validation_program,"{""name"": ""Quinn"", ""surname"": ""Fischer"", ""email"": ""quinn.fischer@example.com""}",12
REQ00437,1119,2025-05-18,,123,,training_records,"{""name"": ""Quinn"", ""surname"": ""Ivanov"", ""email"": ""quinn.ivanov@example.com""}",9
REQ00438,1113,2025-07-28,GMP,112,,supplier_qualification,"{""name"": ""Lucia"", ""surname"": ""Sanchez"", ""email"": ""lucia.sanchez@qualifyze.com""}",5
REQ00439,1081,2024-09-02,GCP,133,AUD01566,clinical_data_mgmt,"{""name"": ""Avery"", ""surname"": ""Silva"", ""email"": ""avery.silva@customer.io""}",7
REQ00440,1025,2024-03-11,GVP,47,AUD00280,deviation_mgmt,,12
REQ00441,1080,2025-05-18,GMP,49,,supplier_qualification,"{""name"": ""Sam"", ""surname"": ""Popescu"", ""email"": ""sam.popescu@example.com""}",3
REQ00442,1035,2024-05-08,GMP,113,,complaint_handling,"{""name"": ""Jordan"", ""surname"": ""Rossi"", ""email"": ""jordan.rossi@example.com""}",8
REQ00443,1054,2024-11-15,,128,,change_control,"{""name"": ""Carmen"", ""surname"": ""Khan"", ""email"": ""carmen.khan@qualifyze.com""}",1
REQ00444,1070,2025-04-26,,47,AUD00394,,"{""name"": ""Alex"", ""surname"": ""Smith"", ""email"": ""alex.smith@qualifyze.com""}",7
REQ00445,1026,2025-04-16,GCP,25,AUD01068,complaint_handling,"{""name"": ""Ines"", ""surname"": ""Sanchez"", ""email"": ""ines.sanchez@customer.io""}",15
REQ00446,1042,2024-06-11,,11,,risk_management,"{""name"": ""Taylor"", ""surname"": ""Schmidt"", ""email"": ""taylor.schmidt@mail.org""}",11
REQ00447,1114,2024-02-23,,56,AUD01994,,"{""name"": ""Marta"", ""surname"": ""Romaniuc"", ""email"": ""marta.romaniuc@example.com""}",3
REQ00448,1051,2024-09-05,GMP,3,AUD01985,pharmacovigilance_system,"{""name"": ""Ines"", ""surname"": ""Rossi"", ""email"": ""ines.rossi@customer.io""}",13
REQ00449,1012,2024-09-11,,41,AUD01024,,"{""name"": ""Isla"", ""surname"": ""Romaniuc"", ""email"": ""isla.romaniuc@example.com""}",1
REQ00450,1090,2025-07-03,GVP,28,AUD00258,complaint_handling,,13
REQ00451,1115,2025-03-25,GCP,50,AUD00044,training_records,"{""name"": ""Diego"", ""surname"": ""Rossi"", ""email"": ""diego.rossi@customer.io""}",15
REQ00452,1006,2025-05-11,GVP,113,,,"{""name"": ""Ines"", ""surname"": ""Nguyen"", ""email"": ""ines.nguyen@qualifyze.com""}",9
REQ00453,1036,2025-09-05,GMP,142,,,"{""name"": ""Casey"", ""surname"": ""Weber"", ""email"": ""casey.weber@customer.io""}",14
REQ00454,1059,2024-01-01,GCP,130,AUD00777,supplier_qualification,,6
REQ00455,1093,2024-03-05,GVP,138,,,"{""name"": ""Nico"", ""surname"": ""Fischer"", ""email"": ""nico.fischer@qualifyze.com""}",10
REQ00456,1083,2024-11-25,,29,AUD00198,clinical_data_mgmt,"{""name"": ""Jordan"", ""surname"": ""Muller"", ""email"": ""jordan.muller@qualifyze.com""}",3
REQ00457,1014,2025-05-12,GMP,50,AUD00203,pharmacovigilance_system,"{""name"": ""Lucia"", ""surname"": ""Fischer"", ""email"": ""lucia.fischer@customer.io""}",1
REQ00458,1047,2024-08-14,GMP,19,AUD00027,clinical_data_mgmt,"{""name"": ""Ines"", ""surname"": ""Khan"", ""email"": ""ines.khan@mail.org""}",
REQ00459,1082,2024-03-03,GCP,93,AUD01143,training_records,"{""name"": ""Diego"", ""surname"": ""Muller"", ""email"": ""diego.muller@customer.io""}",9
REQ00460,1006,2024-03-13,,78,AUD00160,,"{""name"": ""Taylor"", ""surname"": ""Smith"", ""email"": ""taylor.smith@qualifyze.com""}",9
REQ00461,1068,2024-09-11,,146,,,"{""name"": ""Sofia"", ""surname"": ""Martinez"", ""email"": ""sofia.martinez@example.com""}",13
REQ00462,1090,2025-03-13,GMP,27,AUD00342,risk_management,"{""name"": ""Lucia"", ""surname"": ""Hernandez"", ""email"": ""lucia.hernandez@customer.io""}",11
REQ00463,1021,2025-06-30,GVP,114,AUD01912,validation_program,"{""name"": ""Sofia"", ""surname"": ""Romaniuc"", ""email"": ""sofia.romaniuc@customer.io""}",
REQ00464,1098,2025-10-10,,111,,,"{""name"": ""Isla"", ""surname"": ""Ivanov"", ""email"": ""isla.ivanov@qualifyze.com""}",7
REQ00465,1058,2025-04-03,GCP,102,AUD00001,change_control,"{""name"": ""Quinn"", ""surname"": ""Garcia"", ""email"": ""quinn.garcia@qualifyze.com""}",15
REQ00466,1039,2024-01-07,GMP,77,AUD00455,validation_program,"{""name"": ""Alex"", ""surname"": ""Schmidt"", ""email"": ""alex.schmidt@qualifyze.com""}",
REQ00467,1005,2025-04-16,,92,,batch_release,"{""name"": ""Diego"", ""surname"": ""Ivanov"", ""email"": ""diego.ivanov@qualifyze.com""}",5
REQ00468,1073,2024-08-10,GVP,20,AUD01482,data_integrity,,10
REQ00469,1083,2024-11-03,,10,,training_records,"{""name"": ""Jordan"", ""surname"": ""Muller"", ""email"": ""jordan.muller@customer.io""}",6
REQ00470,1112,2024-08-20,GCP,3,AUD01299,training_records,,6
REQ00471,1070,2025-08-01,GCP,39,AUD00670,complaint_handling,,8
REQ00472,1097,2025-09-01,GMP,148,,complaint_handling,"{""name"": ""Marta"", ""surname"": ""Silva"", ""email"": ""marta.silva@mail.org""}",3
REQ00473,1011,2025-05-02,,147,,,"{""name"": ""Lucia"", ""surname"": ""Schmidt"", ""email"": ""lucia.schmidt@example.com""}",7
REQ00474,1062,2025-07-26,GVP,51,AUD01000,clinical_data_mgmt,,4
REQ00475,1010,2024-09-29,GCP,111,AUD00663,pharmacovigilance_system,"{""name"": ""Jordan"", ""surname"": ""Smith"", ""email"": ""jordan.smith@mail.org""}",
REQ00476,1047,2024-12-22,GVP,49,AUD00657,pharmacovigilance_system,,6
REQ00477,1079,2025-03-28,GMP,38,AUD00903,complaint_handling,"{""name"": ""Jamie"", ""surname"": ""Demeter"", ""email"": ""jamie.demeter@qualifyze.com""}",
REQ00478,1094,2024-03-28,GMP,29,AUD01515,complaint_handling,,1
REQ00479,1044,2024-04-23,GVP,79,AUD00922,change_control,"{""name"": ""Carmen"", ""surname"": ""Nguyen"", ""email"": ""carmen.nguyen@qualifyze.com""}",4
REQ00480,1070,2025-06-19,GVP,67,AUD01124,pharmacovigilance_system,"{""name"": ""Casey"", ""surname"": ""Garcia"", ""email"": ""casey.garcia@mail.org""}",10
REQ00481,1116,2025-06-23,GMP,12,AUD00524,change_control,"{""name"": ""Quinn"", ""surname"": ""Nguyen"", ""email"": ""quinn.nguyen@customer.io""}",1
REQ00482,1060,2025-11-01,GVP,3,,,"{""name"": ""Avery"", ""surname"": ""Demeter"", ""email"": ""avery.demeter@example.com""}",1
REQ00483,1030,2025-01-24,GMP,131,AUD01454,validation_program,"{""name"": ""Ines"", ""surname"": ""Popescu"", ""email"": ""ines.popescu@example.com""}",3
REQ00484,1026,2025-05-27,,118,,change_control,"{""name"": ""Sam"", ""surname"": ""Ivanov"", ""email"": ""sam.ivanov@customer.io""}",6
REQ00485,1003,2024-12-21,GCP,91,AUD00728,batch_release,,13
REQ00486,1008,2025-10-02,GVP,66,AUD01800,change_control,"{""name"": ""Sofia"", ""surname"": ""Schmidt"", ""email"": ""sofia.schmidt@qualifyze.com""}",
REQ00487,1044,2025-02-06,GCP,36,AUD00180,training_records,,4
REQ00488,1074,2024-06-05,GVP,110,AUD01988,pharmacovigilance_system,"{""name"": ""Carmen"", ""surname"": ""Weber"", ""email"": ""carmen.weber@qualifyze.com""}",4
REQ00489,1084,2024-05-21,GCP,149,AUD01109,,"{""name"": ""Casey"", ""surname"": ""Silva"", ""email"": ""casey.silva@qualifyze.com""}",7
REQ00490,1120,2025-08-01,GMP,41,AUD00651,risk_management,"{""name"": ""Sofia"", ""surname"": ""Smith"", ""email"": ""sofia.smith@qualifyze.com""}",
REQ00491,1108,2024-05-29,,8,,,"{""name"": ""Marta"", ""surname"": ""Silva"", ""email"": ""marta.silva@mail.org""}",12
REQ00492,1100,2024-07-11,GMP,28,AUD00270,change_control,,10
REQ00493,1030,2024-08-24,GMP,7,AUD00736,data_integrity,"{""name"": ""Casey"", ""surname"": ""Hernandez"", ""email"": ""casey.hernandez@mail.org""}",
REQ00494,1084,2025-01-17,GVP,48,AUD01746,data_integrity,"{""name"": ""Ines"", ""surname"": ""Rossi"", ""email"": ""ines.rossi@qualifyze.com""}",4
REQ00495,1029,2024-02-03,,105,AUD01566,batch_release,"{""name"": ""Marta"", ""surname"": ""Ivanov"", ""email"": ""marta.ivanov@qualifyze.com""}",13
REQ00496,1023,2025-03-25,GVP,126,AUD01409,data_integrity,,13
REQ00497,1006,2025-09-14,GVP,98,AUD01475,training_records,"{""name"": ""Isla"", ""surname"": ""Popescu"", ""email"": ""isla.popescu@example.com""}",9
REQ00498,1014,2025-04-07,GMP,117,AUD01694,complaint_handling,"{""name"": ""Nico"", ""surname"": ""Popescu"", ""email"": ""nico.popescu@mail.org""}",12
REQ00499,1006,2025-07-25,GCP,100,,,"{""name"": ""Jamie"", ""surname"": ""Silva"", ""email"": ""jamie.silva@mail.org""}",7
REQ00500,1022,2025-03-08,,76,,,"{""name"": ""Casey"", ""surname"": ""Weber"", ""email"": ""casey.weber@mail.org""}",2